{
  "1430": [
    {
      "product_type": "C",
      "order_id": "",
      "order_strike": "",
      "order_tysm": "",
      "order_price": "",
      "sl_order_id": "",
      "sl_order_price": "",
      "is_stopLoss_hit": false,
      "number_of_trade": 0
    },
    {
      "product_type": "P",
      "order_id": "",
      "order_strike": "",
      "order_tysm": "",
      "order_price": "",
      "sl_order_id": "",
      "sl_order_price": "",
      "is_stopLoss_hit": false,
      "number_of_trade": 0
    }
  ]
}
